{
    "model_1": {
        "accuracy": 0.6415094339622641,
        "precision": 0.6229363125377433,
        "recall": 0.6067455134415921,
        "f1": 0.6097909718646557,
        "precision_weighted": 0.633360389840557,
        "recall_weighted": 0.6415094339622641,
        "f1_weighted": 0.6321145107416937,
        "confusion_matrix": [
            [
                141,
                63,
                59
            ],
            [
                33,
                325,
                35
            ],
            [
                46,
                87,
                112
            ]
        ]
    },
    "model_1a": {
        "accuracy": 0.5971143174250833,
        "precision": 0.5806861239915275,
        "recall": 0.5645733419868785,
        "f1": 0.5674097303492548,
        "precision_weighted": 0.5915141179778644,
        "recall_weighted": 0.5971143174250833,
        "f1_weighted": 0.588889841684666,
        "confusion_matrix": [
            [
                125,
                82,
                56
            ],
            [
                30,
                304,
                59
            ],
            [
                49,
                87,
                109
            ]
        ]
    },
    "model_1b": {
        "accuracy": 0.6914539400665927,
        "precision": 0.6760561881145035,
        "recall": 0.6696946834732888,
        "f1": 0.6718046459851578,
        "precision_weighted": 0.6873762652428572,
        "recall_weighted": 0.6914539400665927,
        "f1_weighted": 0.6883692116233219,
        "confusion_matrix": [
            [
                172,
                52,
                39
            ],
            [
                34,
                316,
                43
            ],
            [
                55,
                55,
                135
            ]
        ]
    },
    "model_1c": {
        "accuracy": 0.4361820199778024,
        "precision": 0.25661964860183123,
        "recall": 0.3338457011303249,
        "f1": 0.20511523117030228,
        "precision_weighted": 0.2810446530168986,
        "recall_weighted": 0.4361820199778024,
        "f1_weighted": 0.2670780345867809,
        "confusion_matrix": [
            [
                0,
                262,
                1
            ],
            [
                0,
                392,
                1
            ],
            [
                0,
                244,
                1
            ]
        ]
    },
    "model_1d": {
        "accuracy": 0.6881243063263041,
        "precision": 0.678123596261294,
        "recall": 0.6690138387614453,
        "f1": 0.6699478339476798,
        "precision_weighted": 0.6873145042339172,
        "recall_weighted": 0.6881243063263041,
        "f1_weighted": 0.6846342083822254,
        "confusion_matrix": [
            [
                185,
                51,
                27
            ],
            [
                48,
                307,
                38
            ],
            [
                60,
                57,
                128
            ]
        ]
    },
    "model_2": {
        "accuracy": 0.6825749167591565,
        "precision": 0.6638495960326418,
        "recall": 0.6620712182550048,
        "f1": 0.6619075886411038,
        "precision_weighted": 0.6788089594215655,
        "recall_weighted": 0.6825749167591565,
        "f1_weighted": 0.6797827057409696,
        "confusion_matrix": [
            [
                181,
                45,
                37
            ],
            [
                33,
                308,
                52
            ],
            [
                65,
                54,
                126
            ]
        ]
    },
    "model_2a": {
        "accuracy": 0.6570477247502775,
        "precision": 0.6374877412623892,
        "recall": 0.6323149095356366,
        "f1": 0.6340404566608374,
        "precision_weighted": 0.6518907907923556,
        "recall_weighted": 0.6570477247502775,
        "f1_weighted": 0.6535574762044543,
        "confusion_matrix": [
            [
                159,
                53,
                51
            ],
            [
                34,
                309,
                50
            ],
            [
                57,
                64,
                124
            ]
        ]
    },
    "model_2b": {
        "accuracy": 0.6182019977802442,
        "precision": 0.5953183160056476,
        "recall": 0.5682069753181123,
        "f1": 0.5558061010978887,
        "precision_weighted": 0.6020439681746675,
        "recall_weighted": 0.6182019977802442,
        "f1_weighted": 0.5859225076442302,
        "confusion_matrix": [
            [
                160,
                75,
                28
            ],
            [
                30,
                341,
                22
            ],
            [
                66,
                123,
                56
            ]
        ]
    },
    "model_2c": {
        "accuracy": 0.6692563817980022,
        "precision": 0.6508514363022257,
        "recall": 0.648352413847436,
        "f1": 0.6494047543109863,
        "precision_weighted": 0.6674911089124994,
        "recall_weighted": 0.6692563817980022,
        "f1_weighted": 0.6681674536531989,
        "confusion_matrix": [
            [
                164,
                44,
                55
            ],
            [
                32,
                306,
                55
            ],
            [
                55,
                57,
                133
            ]
        ]
    },
    "model_2d": {
        "accuracy": 0.46503884572697,
        "precision": 0.4307313449262602,
        "recall": 0.41980570592965955,
        "f1": 0.3945429937706808,
        "precision_weighted": 0.43879756528014585,
        "recall_weighted": 0.46503884572697,
        "f1_weighted": 0.42148181014254327,
        "confusion_matrix": [
            [
                29,
                189,
                45
            ],
            [
                21,
                288,
                84
            ],
            [
                30,
                113,
                102
            ]
        ]
    },
    "model_2e": {
        "accuracy": 0.6770255271920089,
        "precision": 0.6637578190520266,
        "recall": 0.6524264117938315,
        "f1": 0.6559645737535812,
        "precision_weighted": 0.6723250365143829,
        "recall_weighted": 0.6770255271920089,
        "f1_weighted": 0.6724978138232685,
        "confusion_matrix": [
            [
                162,
                64,
                37
            ],
            [
                33,
                317,
                43
            ],
            [
                53,
                61,
                131
            ]
        ]
    },
    "model_2f": {
        "accuracy": 0.6825749167591565,
        "precision": 0.676413213385651,
        "recall": 0.6490276641621539,
        "f1": 0.6550578847296609,
        "precision_weighted": 0.6811906842271467,
        "recall_weighted": 0.6825749167591565,
        "f1_weighted": 0.6739573653963414,
        "confusion_matrix": [
            [
                145,
                68,
                50
            ],
            [
                18,
                340,
                35
            ],
            [
                37,
                78,
                130
            ]
        ]
    },
    "model_2g": {
        "accuracy": 0.6503884572697003,
        "precision": 0.6481615964374585,
        "recall": 0.6089200621860021,
        "f1": 0.6123085051879946,
        "precision_weighted": 0.6488805734280111,
        "recall_weighted": 0.6503884572697003,
        "f1_weighted": 0.6338654222290238,